number,value,params_drop_conv2,params_drop_prob_fc1,params_lr,params_num_conv_layers,params_num_filter_0,params_num_filter_1,params_num_neurons,params_optimizer,user_attrs_f1_score,user_attrs_precision,user_attrs_recall,user_attrs_test_loss
1,0.1326,0.4523208662683602,0.271317494693467,1.3769435811053966e-05,2,64.0,48.0,120,SGD,0.07603946192391123,0.25270744023478187,0.1326,2.280597654013588
0,0.9491,0.23734938701216274,0.2543174378176739,1.0973416268349785e-05,1,64.0,,20,Adam,0.9489642645424615,0.9490754338838602,0.9491,0.19037811377773078
