number,value,params_drop_conv2,params_drop_prob_fc1,params_lr,params_num_conv_layers,params_num_filter_0,params_num_filter_1,params_num_filter_2,params_num_neurons,params_optimizer,user_attrs_accuracy,user_attrs_f1_score,user_attrs_precision,user_attrs_recall,user_attrs_test_loss
4,0.0982,0.22362703618229485,0.38786225611913094,0.06469964401114069,1,112.0,,,90,Adam,0.0982,0.017561901293024953,0.00964324,0.0982,2.3062283330070326
2,0.9668,0.20171172787227468,0.319592819115777,0.0012838130023360144,3,96.0,80.0,32.0,220,SGD,0.9668,0.9667713931252161,0.9667839462010029,0.9668,0.11424258883489063
0,988,0.22862215615696302,0.26494362538264593,2.1267869176461055e-05,2,112.0,32.0,,170,RMSprop,0.9880,0.9879913443642321,0.9880373784087318,988,0.03700394107718036
3,991,0.4547032939983268,0.32946432046532914,0.05330073613710872,2,64.0,16.0,,110,SGD,0.9910,0.9909964350907577,0.9910130900840246,991,0.028701691970885502
6,0.9911,0.37067775598134667,0.2912217596876555,0.011220224507096284,2,128.0,16.0,,290,SGD,0.9911,0.9910990599298041,0.9911223378512471,0.9911,0.027628319863859756
1,0.9938,0.4879431809139045,0.413034487730109,0.00015696059338384257,2,112.0,96.0,,400,Adam,0.9938,0.9937962104321608,0.9938080527638463,0.9938,0.02070986635257136
